{"training/policy_loss":-0.0005839461227878928,"eval/episode_reward_stable":-45.60718536376953,"eval/episode_reward_overcurl_std":260.127197265625,"eval/episode_reward_upright":-17.954605102539062,"training/v_loss":0.005700930953025818,"train_step":1474560,"final_policy_video":{"sha256":"e38f9872eb6e59257a3993fa1ef0f815afde244308e8064400711c8010677001","size":13844,"path":"media/videos/final_policy_video_11_e38f9872eb6e59257a39.mp4","_type":"video-file"},"eval/episode_reward_smooth":-0.03518496826291084,"final_policy_video/min_upright":0.9793015122413635,"training/policy_dist_mean_std":0.7708350419998169,"best_eval_reward":65.26390838623047,"_runtime":627,"eval/episode_reward_alive":6.186724662780762,"eval/episode_reward":-89.12370300292969,"eval/sps":7416.934369020982,"eval/episode_reward_upright_std":23.634754180908203,"final_policy_video/max_curl":0.15255291759967804,"eval/episode_reward_smooth_std":0.002920313272625208,"final_policy_video/total_reward":1.506178617477417,"eval/episode_reward_tier_std":0.5446242690086365,"eval/episode_reward_tier":1.66015625,"eval/episode_reward_curl_std":71.47891998291016,"time_after_first_progress":319.98759254068136,"training/entropy_loss":-0.05866565555334091,"final_policy_video/mean_contacts":0.578125,"training/policy_dist_min_std":0.4938356280326843,"eval/episode_reward_alive_std":0.5005283951759338,"eval/episode_reward_progress":50.3021240234375,"eval/episode_reward_contact_std":8.706398963928223,"time_to_first_progress":190.98767865356058,"eval/episode_reward_contact":-55.91874313354492,"training/walltime":167.15375971794128,"training/sps":46550.45542570282,"training/policy_dist_max_std":0.9965689182281494,"eval/episode_reward_overcurl":-204.7429962158203,"_timestamp":1.7811044285604293e+09,"eval/episode_reward_progress_std":21.440717697143555,"final_policy_video/step":327680,"eval/episode_reward_stable_std":41.36631393432617,"_wandb":{"runtime":627},"eval/episode_reward_total_std":269.6388854980469,"eval/avg_episode_length":123.734375,"training/policy_dist_min_loc":-0.33616119623184204,"best_eval_step":327680,"time_total":510.97527119424194,"eval/episode_reward_std":269.6388854980469,"training/policy_dist_max_loc":0.20878201723098755,"training/total_loss":-0.053548671305179596,"training/learning_rate":0.0003000000142492354,"eval/episode_reward_curl":176.9860382080078,"eval/epoch_eval_time":2.208998918533325,"training/kl_mean":0.009211849421262741,"eval/walltime":278.83113193511963,"eval/episode_reward_total":-89.12370300292969,"eval/std_episode_length":10.010528564453125,"training/policy_dist_mean_loc":-0.06524361670017242,"_step":11}