{"eval/sps":17319.607020870702,"time_after_first_progress":505.14733688160777,"training/policy_dist_max_loc":0.3941735029220581,"training/kl_mean":0.013343095779418945,"eval/std_episode_length":7.683324813842773,"time_total":684.022841239348,"training/policy_dist_max_std":1.532113790512085,"eval/epoch_eval_time":3.7839195728302,"training/policy_dist_min_std":0.33774471282958984,"training/sps":32684.59331140757,"training/total_loss":-0.06495065987110138,"training/entropy_loss":-0.08319340646266937,"training/policy_dist_mean_std":0.8089337348937988,"eval/episode_reward":-7.8868889808654785,"train_step":5898240,"training/policy_dist_mean_loc":0.035694994032382965,"_wandb":{"runtime":686},"training/policy_dist_min_loc":-0.36846160888671875,"eval/walltime":275.4373092651367,"eval/episode_reward_std":126.5167465209961,"time_to_first_progress":178.87550435774028,"_step":5898240,"training/v_loss":0.021451517939567566,"training/walltime":346.29627752304077,"training/policy_loss":-0.0032087662257254124,"eval/avg_episode_length":125.541015625,"training/learning_rate":0.00029999998514540493,"_runtime":686.606478077,"_timestamp":1.7810626534953299e+09}