{"_wandb":{"runtime":556},"training/sps":41229.043259927035,"_timestamp":1.781078124014939e+09,"training/policy_dist_mean_loc":0.03528844565153122,"eval/sps":6698.317896088336,"eval/epoch_eval_time":2.4459872245788574,"training/policy_dist_mean_std":0.6652140617370605,"training/policy_loss":-0.003354532178491354,"training/learning_rate":0.0003000000142492354,"time_to_first_progress":178.25221422035247,"eval/std_episode_length":19.817424774169922,"time_after_first_progress":295.8892049426213,"time_total":474.14141916297376,"training/kl_mean":0.014905795454978943,"training/walltime":151.52323055267334,"eval/avg_episode_length":108.7578125,"training/entropy_loss":-0.07673966884613037,"training/policy_dist_min_std":0.48635536432266235,"training/v_loss":0.009256645105779171,"eval/episode_reward":-96.33377838134766,"training/policy_dist_min_loc":-0.4217628836631775,"training/policy_dist_max_std":0.8398851156234741,"training/total_loss":-0.07083754986524582,"_step":10,"train_step":1474560,"eval/episode_reward_std":96.89827728271484,"eval/walltime":262.8985812664032,"_runtime":556,"training/policy_dist_max_loc":0.567370593547821}