{"training/kl_mean":0.015119923278689384,"_step":655360,"training/policy_dist_min_loc":-0.4556708037853241,"train_step":655360,"training/policy_dist_mean_std":0.668875515460968,"training/walltime":121.32453227043152,"eval/avg_episode_length":118.5703125,"eval/std_episode_length":13.585195541381836,"training/entropy_loss":-0.07617590576410294,"time_after_first_progress":246.65042273886502,"eval/episode_reward_std":112.90302276611328,"training/policy_dist_min_std":0.47974708676338196,"training/policy_loss":-0.0033111185766756535,"training/sps":41533.610469547326,"training/learning_rate":0.0003000000142492354,"time_to_first_progress":166.73023288697004,"_wandb":{"runtime":1157},"eval/walltime":234.93878030776978,"training/v_loss":0.006382814608514309,"training/total_loss":-0.07310421764850616,"_timestamp":1.7810680244881008e+09,"time_total":413.38065562583506,"training/policy_dist_max_loc":0.5156517624855042,"eval/epoch_eval_time":2.550475597381592,"eval/episode_reward":-46.16815185546875,"_runtime":1157.791033486,"eval/sps":6423.899925496403,"training/policy_dist_mean_loc":0.027709828689694405,"training/policy_dist_max_std":0.8412903547286987}