{"eval/episode_reward_total":-74.88330078125,"training/policy_dist_mean_std":0.7268644571304321,"eval/episode_reward_curl_std":99.5840072631836,"eval/episode_reward_tier":1.16796875,"train_step":1474560,"_step":11,"_runtime":627,"training/kl_mean":0.010822489857673645,"eval/episode_reward_progress_std":28.90732192993164,"best_eval_step":1310720,"training/learning_rate":0.0003000000142492354,"time_total":505.5548767745495,"final_policy_video/mean_contacts":0.1796875,"eval/epoch_eval_time":2.505413770675659,"time_after_first_progress":321.70934539381415,"eval/avg_episode_length":127.109375,"training/v_loss":0.026762068271636963,"_timestamp":1.7811023691785753e+09,"final_policy_video/max_curl":2.2593767642974854,"eval/std_episode_length":4.451534748077393,"final_policy_video/total_reward":-678.9908447265625,"training/walltime":167.56810402870178,"eval/sps":6539.438791214741,"final_policy_video":{"path":"media/videos/final_policy_video_11_d1563b9897f8a072989b.mp4","_type":"video-file","sha256":"d1563b9897f8a072989b623e9ec7704fcecc5fcd27f26e952cf2ca292f492567","size":17588},"final_policy_video/min_upright":0.4928833246231079,"eval/episode_reward_alive_std":0.22257760167121887,"training/policy_dist_max_loc":0.1984483301639557,"eval/episode_reward_overcurl":-126.12905883789062,"training/entropy_loss":-0.057637251913547516,"time_to_first_progress":183.84553138073534,"training/policy_dist_min_std":0.5103081464767456,"eval/walltime":278.2679853439331,"_wandb":{"runtime":627},"eval/episode_reward_upright_std":17.06822967529297,"training/total_loss":-0.03318220376968384,"training/sps":45335.370319633286,"training/policy_dist_mean_loc":-0.037812188267707825,"eval/episode_reward":-74.88330078125,"training/policy_dist_max_std":0.8964821100234985,"best_eval_reward":-17.265262603759766,"eval/episode_reward_contact":-46.329681396484375,"eval/episode_reward_tier_std":0.8998206257820129,"eval/episode_reward_std":191.1055145263672,"eval/episode_reward_upright":-9.453741073608398,"eval/episode_reward_overcurl_std":208.29464721679688,"eval/episode_reward_progress":30.0853271484375,"eval/episode_reward_curl":106.60718536376953,"final_policy_video/step":1310720,"eval/episode_reward_stable_std":33.555877685546875,"training/policy_dist_min_loc":-0.2790575325489044,"eval/episode_reward_stable":-37.15059280395508,"eval/episode_reward_smooth_std":0.001256236806511879,"training/policy_loss":-0.002307015936821699,"eval/episode_reward_smooth":-0.036169201135635376,"eval/episode_reward_total_std":191.1055145263672,"eval/episode_reward_contact_std":18.5667781829834,"eval/episode_reward_alive":6.355475425720215}