{"eval/episode_reward":-110.64269256591797,"training/total_loss":-0.04474319517612457,"training/kl_mean":0.013351146131753922,"eval/episode_reward_alive":6.378131866455078,"eval/episode_reward_contact_std":17.24531364440918,"eval/episode_reward_progress":40.34672164916992,"eval/episode_reward_smooth_std":0.00106140470597893,"_step":11,"eval/avg_episode_length":127.5625,"eval/episode_reward_progress_std":33.05152130126953,"eval/std_episode_length":3.497208595275879,"eval/episode_reward_total_std":170.33084106445312,"training/policy_loss":-0.004550139419734478,"final_policy_video/step":0,"eval/episode_reward_stable_std":28.97691535949707,"eval/episode_reward_tier":1.29296875,"eval/episode_reward_upright":-24.074005126953125,"training/sps":45122.967086182565,"eval/epoch_eval_time":2.3466436862945557,"final_policy_video/total_reward":-487.53448486328125,"eval/episode_reward_curl_std":114.3537368774414,"eval/episode_reward_contact":-47.10155487060547,"eval/episode_reward_total":-110.64269256591797,"time_after_first_progress":335.77264092396945,"_wandb":{"runtime":653},"_timestamp":1.7810940730688834e+09,"training/walltime":175.1776306629181,"training/policy_dist_max_std":0.906697154045105,"training/policy_dist_min_std":0.5379317998886108,"training/v_loss":0.01738792099058628,"eval/episode_reward_alive_std":0.1748611032962799,"training/learning_rate":0.0003000000142492354,"eval/episode_reward_overcurl":-185.8885040283203,"final_policy_video/max_curl":0.7054724097251892,"time_total":525.4888634914532,"eval/sps":6981.886553842774,"eval/episode_reward_tier_std":0.9302371740341187,"eval/walltime":287.8354604244232,"_runtime":653,"final_policy_video/mean_contacts":0.203125,"training/policy_dist_max_loc":0.28246861696243286,"eval/episode_reward_std":170.33084106445312,"training/policy_dist_mean_std":0.7254430055618286,"time_to_first_progress":189.71622256748378,"eval/episode_reward_curl":141.61282348632812,"final_policy_video/min_upright":0.36136388778686523,"training/policy_dist_mean_loc":0.0014976749662309885,"eval/episode_reward_stable":-43.172767639160156,"training/entropy_loss":-0.05758097767829895,"eval/episode_reward_upright_std":31.76996612548828,"eval/episode_reward_smooth":-0.03649009019136429,"training/policy_dist_min_loc":-0.23768098652362823,"best_eval_step":0,"eval/episode_reward_overcurl_std":231.0224609375,"train_step":1474560,"final_policy_video":{"path":"media/videos/final_policy_video_11_4f9eadc1e4fa42092b22.mp4","_type":"video-file","sha256":"4f9eadc1e4fa42092b220743cf0038a43c280b733f8e844b488a318a4703232c","size":16041},"best_eval_reward":-29.39861488342285}