{"_runtime": 1251, "eval/std_episode_length": 13.05630874633789, "eval/epoch_eval_time": 1.8595256805419922, "eval/sps": 8810.849009207868, "train_step": 204800, "_step": 4, "eval/episode_reward": -133.6123809814453, "eval/avg_episode_length": 118.4609375, "_timestamp": 1781060416.7476668, "eval/walltime": 245.65533590316772, "eval/episode_reward_std": 96.6248550415039, "training/entropy_loss": -0.04930339381098747, "training/policy_dist_mean_std": 0.6113616824150085, "training/policy_dist_min_loc": -0.39739367365837097, "training/total_loss": -0.01278629433363676, "training/learning_rate": 0.0003000000142492354, "training/policy_dist_max_std": 1.2125394344329834, "training/policy_loss": -0.0007157378131523728, "training/v_loss": 0.037232834845781326, "training/policy_dist_max_loc": 1.2657657861709595, "training/policy_dist_mean_loc": 0.15456870198249817, "training/sps": 42684.69491093192, "training/kl_mean": 0.014950791373848915, "training/policy_dist_min_std": 0.22487063705921173, "training/walltime": 123.06313419342041, "time_to_first_progress": 177.0423979870975, "time_after_first_progress": 252.16641844250262, "time_total": 429.2088164296001}