{"training/policy_dist_max_loc":3.1557211875915527,"eval/episode_reward":-116.57038879394531,"eval/episode_reward_std":133.05101013183594,"_wandb":{"runtime":1799},"training/walltime":195.2181339263916,"eval/walltime":229.50345373153687,"training/policy_dist_mean_std":0.6862739324569702,"training/entropy_loss":-0.07700569927692413,"eval/sps":140.34152696579332,"time_to_first_progress":170.20229420717806,"training/policy_dist_mean_loc":-0.009692293591797352,"training/kl_mean":19.422576904296875,"_runtime":1799,"training/policy_dist_min_std":0.10863065719604492,"training/learning_rate":0.0003000000142492354,"training/policy_dist_min_loc":-2.6316447257995605,"training/v_loss":1.0993423461914062,"training/policy_loss":0.02833910658955574,"training/policy_dist_max_std":3.242473602294922,"eval/avg_episode_length":115.765625,"eval/epoch_eval_time":116.74377751350403,"training/sps":839.266295116708,"_timestamp":1.7810721025846965e+09,"training/total_loss":1.0506757497787476,"eval/std_episode_length":17.260631561279297,"time_after_first_progress":314.2947012046352,"_step":2,"time_total":484.49699541181326,"train_step":163840}