{"eval/avg_episode_length":119.171875,"eval/std_episode_length":13.959824562072754,"_wandb":{"runtime":292},"_timestamp":1.7810700721129463e+09,"training/sps":1444.4154394329978,"training/learning_rate":0.0003000000142492354,"training/policy_dist_mean_loc":-0.022152669727802277,"time_total":289.7461354834959,"training/policy_dist_min_loc":-1.7495183944702148,"_step":1,"training/entropy_loss":-0.07650429010391235,"training/policy_loss":0.056121233850717545,"training/policy_dist_max_loc":1.9857397079467773,"eval/episode_reward":-40.4453010559082,"train_step":163840,"training/kl_mean":9.799047470092773,"training/policy_dist_min_std":0.1893068253993988,"eval/episode_reward_std":123.81651306152344,"training/v_loss":11.774285316467285,"time_to_first_progress":288.23432632908225,"training/policy_dist_max_std":2.246882677078247,"training/walltime":113.42997002601624,"_runtime":292,"training/policy_dist_mean_std":0.7005975246429443,"training/total_loss":11.753902435302734,"time_after_first_progress":1.5118091544136405,"eval/sps":140.10245868679962,"eval/walltime":116.94298696517944,"eval/epoch_eval_time":116.94298696517944}