{"time_after_first_progress":343.4116711579263,"train_step":1474560,"eval/episode_reward_std":127.59159088134766,"_wandb":{"runtime":518},"training/policy_loss":0.00047913918388076127,"time_total":514.9301777277142,"eval/walltime":255.83220148086548,"_timestamp":1.7810711596523397e+09,"training/walltime":199.87452816963196,"training/kl_mean":0.014434564858675003,"training/policy_dist_mean_loc":0.024951275438070297,"training/v_loss":0.029538840055465698,"training/sps":15578.606179743709,"time_to_first_progress":171.51850656978786,"eval/std_episode_length":21.205276489257812,"eval/avg_episode_length":110.734375,"training/policy_dist_max_std":0.8982326984405518,"_step":10,"training/policy_dist_min_std":0.47174522280693054,"training/entropy_loss":-0.07894614338874817,"training/policy_dist_max_loc":0.5022387504577637,"eval/sps":6555.47428588,"eval/episode_reward":-228.89077758789062,"eval/epoch_eval_time":2.4992852210998535,"training/total_loss":-0.048928167670965195,"training/policy_dist_min_loc":-0.44827041029930115,"training/learning_rate":0.0003000000142492354,"_runtime":518,"training/policy_dist_mean_std":0.6813652515411377}