{"training/policy_dist_mean_std":0.7538996934890747,"training/walltime":166.6115071773529,"eval/episode_reward_smooth_std":0.00028122428921051323,"eval/episode_reward_contact_std":17.943784713745117,"best_eval_step":0,"eval/walltime":277.5078332424164,"training/entropy_loss":-0.058495670557022095,"final_policy_video/step":0,"eval/episode_reward_overcurl":-177.10040283203125,"final_policy_video/total_reward":242.3192138671875,"training/policy_dist_min_std":0.5614606142044067,"final_policy_video/max_curl":0.6179495453834534,"eval/episode_reward_progress":60.73847198486328,"final_policy_video":{"path":"media/videos/final_policy_video_11_72e43bc0dc62fb19d31d.mp4","_type":"video-file","sha256":"72e43bc0dc62fb19d31dc4276af7d2262009da295edfde7eeb3251b85d06f981","size":13198},"eval/std_episode_length":0,"eval/episode_reward_upright_std":4.567752838134766,"eval/episode_reward_alive_std":9.5367431640625e-07,"eval/episode_reward_smooth":-0.036657966673374176,"training/sps":46383.016299988085,"eval/episode_reward_overcurl_std":167.6849822998047,"time_total":501.36605079099536,"training/policy_dist_max_loc":0.2586105167865753,"_step":11,"eval/episode_reward_contact":-39.88399124145508,"training/kl_mean":0.008984958752989769,"_wandb":{"runtime":618},"_runtime":618,"train_step":1474560,"eval/sps":6676.756048888761,"eval/episode_reward_progress_std":21.74856185913086,"training/policy_dist_mean_loc":0.009929969906806946,"eval/episode_reward_stable_std":10.4924955368042,"training/total_loss":-0.05587701126933098,"eval/episode_reward_tier_std":0.5407581925392151,"final_policy_video/mean_contacts":2.2265625,"eval/episode_reward_alive":6.400007247924805,"training/policy_dist_max_std":0.9617164134979248,"eval/episode_reward_total_std":123.14448547363281,"eval/episode_reward_curl":212.686767578125,"best_eval_reward":90.9720458984375,"training/policy_dist_min_loc":-0.36414894461631775,"eval/episode_reward_std":123.14448547363281,"time_after_first_progress":320.71065921802074,"eval/epoch_eval_time":2.4538862705230713,"eval/avg_episode_length":128,"training/learning_rate":0.0003000000142492354,"eval/episode_reward_stable":-19.668806076049805,"eval/episode_reward":42.417030334472656,"final_policy_video/min_upright":0.9610936641693115,"training/policy_loss":-0.0012395477388054132,"eval/episode_reward_curl_std":72.71617126464844,"time_to_first_progress":180.65539157297462,"eval/episode_reward_upright":-2.4917707443237305,"training/v_loss":0.003858206793665886,"eval/episode_reward_tier":1.7734375,"eval/episode_reward_total":42.417030334472656,"_timestamp":1.781106496972671e+09}