{"_step":1,"eval/mean_reward":2.2797883,"_wandb":{"runtime":35},"_runtime":35,"eval/mean_ep_length":250,"global_step":49984,"_timestamp":1.7809669409117615e+09}