{"time_to_first_progress":181.2160848872736,"eval/std_episode_length":19.5893611907959,"final_policy_video/step":200000,"_step":11,"_wandb":{"runtime":586},"eval/walltime":271.4730999469757,"final_policy_video/min_upright":0.2973012924194336,"training/kl_mean":0.014815125614404678,"training/policy_dist_max_std":0.8312351107597351,"final_policy_video/total_reward":-145.6415252685547,"time_after_first_progress":301.19819389656186,"final_policy_video/mean_contacts":0.032786883413791656,"training/policy_dist_min_loc":-0.42465418577194214,"training/sps":41239.541349436244,"training/walltime":150.4270589351654,"eval/avg_episode_length":108.6953125,"training/learning_rate":0.0003000000142492354,"training/entropy_loss":-0.07667940855026245,"training/policy_dist_mean_loc":0.03227043151855469,"_runtime":586,"_timestamp":1.7810863042879612e+09,"train_step":1474560,"training/policy_dist_max_loc":0.5723275542259216,"eval/episode_reward":-93.7237319946289,"final_policy_video":{"path":"media/videos/final_policy_video_11_9cf57c6b9b7a9c2b5eac.mp4","_type":"video-file","sha256":"9cf57c6b9b7a9c2b5eac5dc7fd18439b694d6e285e862296ec1698fcf22a85e2","size":9974},"time_total":482.41427878383547,"training/policy_dist_min_std":0.47709834575653076,"training/total_loss":-0.07021163403987885,"eval/sps":6615.664122716498,"training/policy_loss":-0.003281180514022708,"training/policy_dist_mean_std":0.6636118292808533,"training/v_loss":0.009748965501785278,"final_policy_video/max_curl":1.988988995552063,"eval/episode_reward_std":89.19213104248047,"eval/epoch_eval_time":2.4765465259552}