{"eval/episode_reward_overcurl":-182.9495849609375,"eval/episode_reward_total":-89.36003112792969,"time_to_first_progress":186.30923419538885,"training/kl_mean":0.014989504590630531,"training/policy_loss":-0.003396516665816307,"eval/episode_reward_stable_std":42.081180572509766,"training/policy_dist_max_loc":0.5840023756027222,"eval/episode_reward_stable":-126.81499481201172,"final_policy_video/max_curl":2.0764453411102295,"eval/avg_episode_length":108.703125,"eval/episode_reward_progress_std":16.035930633544922,"time_after_first_progress":309.3439604714513,"best_eval_step":163840,"training/policy_dist_min_std":0.4892004728317261,"final_policy_video/step":163840,"final_policy_video/total_reward":-88.225830078125,"training/policy_dist_mean_std":0.6658196449279785,"final_policy_video/min_upright":0.5938664674758911,"eval/episode_reward_tier":2,"eval/episode_reward_overcurl_std":86.93392181396484,"_wandb":{"runtime":600},"eval/walltime":278.6076774597168,"eval/episode_reward_smooth":-0.030799489468336105,"training/policy_dist_min_loc":-0.42054587602615356,"training/learning_rate":0.0003000000142492354,"training/policy_dist_max_std":0.8394525051116943,"eval/episode_reward_smooth_std":0.005623053293675184,"training/v_loss":0.009053591638803482,"training/total_loss":-0.07096880674362183,"training/walltime":156.00893902778625,"eval/episode_reward_tier_std":0,"eval/episode_reward_std":90.4927749633789,"eval/episode_reward_total_std":90.4927749633789,"eval/episode_reward_alive_std":0.9805439114570618,"eval/episode_reward_upright":-48.26457595825195,"eval/episode_reward_progress":63.69491195678711,"eval/epoch_eval_time":2.45255970954895,"_runtime":600,"final_policy_video":{"sha256":"8486cf1f4c6244f493fd194b2276a550f9ddeea5791f2d395be90a24b3f4f7b4","size":15336,"path":"media/videos/final_policy_video_11_8486cf1f4c6244f493fd.mp4","_type":"video-file"},"best_eval_reward":80.50199127197266,"training/policy_dist_mean_loc":0.03739841282367706,"eval/episode_reward_curl":220.9214324951172,"train_step":1474560,"_timestamp":1.78109045294602e+09,"training/entropy_loss":-0.07662588357925415,"eval/episode_reward_contact":-23.351564407348633,"training/sps":41442.77981371473,"_step":11,"eval/episode_reward_upright_std":25.52128791809082,"eval/episode_reward_alive":5.435159206390381,"eval/std_episode_length":19.61080551147461,"eval/episode_reward_contact_std":23.230405807495117,"eval/sps":6680.367428450163,"eval/episode_reward_curl_std":57.10865020751953,"time_total":495.65319466684014,"eval/episode_reward":-89.36003112792969,"final_policy_video/mean_contacts":1.5703125}